{
  "project_info": {
    "project_number": "403195327134",
    "project_id": "se-lab2-85a48",
    "storage_bucket": "se-lab2-85a48.appspot.com"
  },
  "client": [
    {
      "client_info": {
        "mobilesdk_app_id": "1:403195327134:android:0d70527be6c039fdac818f",
        "android_client_info": {
          "package_name": "com.example.lab2"
        }
      },
      "oauth_client": [
        {
          "client_id": "403195327134-52lbvcagdnosqh8tud8udjbqrtqinnr7.apps.googleusercontent.com",
          "client_type": 3
        }
      ],
      "api_key": [
        {
          "current_key": "AIzaSyDiNOl7AEZyMaCbptCctC8SgYjlI4EhO6Y"
        }
      ],
      "services": {
        "appinvite_service": {
          "other_platform_oauth_client": [
            {
              "client_id": "403195327134-52lbvcagdnosqh8tud8udjbqrtqinnr7.apps.googleusercontent.com",
              "client_type": 3
            }
          ]
        }
      }
    }
  ],
  "configuration_version": "1"
}